,player
0,HC Knight
1,SJ Taylor
2,AJ Healy
3,BL Mooney
4,TT Beaumont
5,NR Sciver
6,KH Brunt
7,DN Wyatt
8,EJ Villani
9,A Gardner
10,EA Perry
11,FC Wilson
12,RL Haynes
13,JL Gunn
14,D Hazell
15,S Ecclestone
16,DM Kimmince
17,JL Jonassen
18,SE Aley
19,M Strano
20,ML Schutt
21,HK Matthews
22,DJS Dottin
23,SR Taylor
24,BYA Mendis
25,MDN Hansika
26,AC Jayangani
27,MADD Surangika
28,Kycia A Knight
29,RS Vandort
30,MR Aguilleira
31,HASD Siriwardene
32,B Cooper
33,KADA Kanchana
34,GWHM Perera
35,SS Weerakkody
36,I Ranaweera
37,Kyshona A Knight
38,HHC Gunaratne
39,SFM Devine
40,SW Bates
41,Nahida Khan
42,Sidra Ameen
43,Bismah Maroof
44,Javeria Khan
45,Aliya Riaz
46,KT Perkins
47,Natalia Pervaiz
48,AE Satterthwaite
49,Sidra Nawaz
50,KJ Martin
51,ML Green
52,SRH Curtis
53,TMM Newton
54,LM Kasperek
55,AM Peterson
56,Aiman Anwer
57,Sana Mir
58,Nashra Sandhu
59,Sadia Yousuf
60,Iram Javed
61,L Lee
62,D van Niekerk
63,M Raj
64,S Mandhana
65,S Luus
66,H Kaur
67,JI Rodrigues
68,M du Preez
69,N de Klerk
70,V Krishnamurthy
71,CL Tryon
72,M Kapp
73,S Ismail
74,A Khaka
75,AA Patil
76,S Pandey
77,T Bhatia
78,Poonam Yadav
79,P Vastrakar
80,RS Gayakwad
81,M Klaas
82,L Wolvaardt
83,T Brits
84,S Lackay
85,AE Jones
86,AC Kerr
87,B Bezuidenhout
88,HNK Jensen
89,A Shrubsole
90,LMM Tahuhu
91,JM Watkin
92,HM Rowe
93,KE Broadmore
94,MM Lanning
95,BF Smith
96,S Molineux
97,NJ Carey
98,DB Sharma
99,AN Davidson-Richards
100,NE Farrant
101,KL George
102,A Hartley
103,R Boyce
104,NC Dodd
105,AK Peters
106,ASS Fletcher
107,A Mohammed
108,CN Nation
109,MAA Sanjeewani
110,HIS Mendis
111,NND de Silva
112,Nida Dar
113,Kainat Imtiaz
114,Fareeha Mehmood
115,Diana Baig
116,Ghulam Fatima
117,Sanjida Islam
118,Rumana Ahmed
119,Shamima Sultana
120,Fargana Hoque
121,Nigar Sultana
122,Fahima Khatun
123,Panna Ghosh
124,Murshida Khatun
125,Jahanara Alam
126,HR Huddleston
127,CMA Shillington
128,MV Waldron
129,CNIM Joyce
130,GH Lewis
131,IMHC Joyce
132,SM Kavanagh
133,L Delany
134,AJ Kenealy
135,Rachel Delaney
136,L Maritz
137,Ayasha Rahman
138,KJ Garth
139,EAJ Richardson
140,N Chantam
141,N Boochatham
142,N Chaiwai
143,S Tippoch
144,N Koncharoenkai
145,C Sutthiruang
146,R Padunglerd
147,W Liengprasert
148,S Laomi
149,R Ntono
150,R Musamali
151,SJ Bryce
152,L Jack
153,S Kemigisha
154,J Mbabazi
155,KE Bryce
156,I Nakisuuyi
157,G Candiru
158,F Najjumba
159,K Awino
160,JM Apio
161,C Namugenyi
162,C Aweko
163,SL Kalis
164,HDJ Siegers
165,ER Oza
166,Chaya Mughal
167,Nisha Ali
168,D Hannema
169,R Rijke
170,UCKA Dona
171,CR Seneviratna
172,CC van Slobbe
173,H Hotchandani
174,S Jimmy
175,K John
176,B Tau
177,P Siaka
178,T Ruma
179,K Arua
180,V Frank
181,RV Scholes
182,B de Leede
183,EE Corder
184,Mariska Kornet
185,J van Vliet
186,MEC de Fouw
187,S Siegers
188,KKN Egodage
189,S Venkataraman
190,Roopa Nagraj
191,N Vare
192,Humaira Tasneem
193,R Oa
194,J Cleetus
195,RS Glen
196,S Saengsakaorat
197,PA Chatterji
198,K McGill
199,O Kamchomphu
200,RK Willis
201,P Nakitende
202,S Nampiina
203,N Sharma
204,I Toua
205,M Tom
206,V Araa
207,A Aitken
208,N D'souza
209,IS Mananelage
210,LK O'Reilly
211,Salma Khatun
212,CJ Metcalfe
213,Nahida Akter
214,Yusrina Yaakop
215,Christina Baret
216,WA Duraisingam
217,Mas Elysa
218,Mahirah Izzati Ismail
219,J Intan
220,Sasha Azmi
221,Zumika Azmi
222,Noor Hayati Zakaria
223,Ainna Hamizah Hashim
224,Nur Nadihirah
225,Muneeba Ali
226,S Saenya
227,MR Meshram
228,OU Ranasinghe
229,Nain Abidi
230,BMSM Kumari
231,KDU Prabodhani
232,Wan Julia
233,J Goswami
234,Javeria Rauf
235,Aina Najwa
236,M Shehani
237,H Madavi
238,E Bisht
239,D Hemalatha
240,RP Yadav
241,Ayesha Zafar
242,Umaima Sohail
243,SA Campbelle
244,NY McLean
245,Lata Mondal
246,Khadija Tul Kubra
247,LE Kaushalya
248,C Raack
249,Ritu Moni
250,CA Henry
251,M Daniels
252,TS Sekhukhune
253,F Tunnicliffe
254,Y Fourie
255,WK Dilhari
256,A Reddy
257,TJ Vlaeminck
258,L Winfield
259,SIR Dunkley
260,Sharmin Akhter
261,Z Mali
262,SS Connell
263,SC Selman
264,KL Gordon
265,PS Punia
266,CA Gurrey
267,FL Mackay
268,S Smith
269,R Searle
270,SIP Fernando
271,L Mophakedi
272,O Batisani
273,T Kobeli
274,S Mosweu
275,T Khabo
276,T Legaabile
277,T Ramabitsa
278,M Tsarsi
279,P Pheko
280,B Phelenyane
281,T Koloi
282,B Lekau
283,M Moalosi
284,G Matome
285,R Khasana
286,M Matobole
287,M Mabvuka
288,Yasmeen Khan
289,JA Diergaardt
290,T Tereza
291,A van der Merwe
292,T Luka
293,M Dailesi
294,S Hussein
295,S Dzimau
296,D Ndipo
297,B Ndipo
298,V Phiri
299,M King
300,Adama Kamara
301,W Mwatile
302,KA Green
303,M Sankoh
304,Aminata Kamara
305,AM Kamara
306,L Bull
307,Z Kamara
308,I Koroma
309,O Mondlane
310,M Matine
311,E Moiane
312,P Cuinica
313,C Magaia
314,M Mohasane
315,C Murrombe
316,F Guirrugo
317,I Chuma
318,A Salomao
319,F Samanyika
320,O Matsolo
321,A Cossa
322,L Khotso
323,E Simeon
324,Reehana Khan
325,D Foerster
326,D Dzimau
327,J Kowa
328,N Tsiame
329,Anam Amin
330,SACA King
331,K Ramharack
332,LA Marsh
333,KL Cross
334,GA Elwiss
335,G Wareham
336,L Goodall
337,U Thimashini
338,PM Weerakkody
339,H Deol
340,BS Fulmali
341,Zhang Mei
342,C Zhou
343,Zheng Lili
344,Huang Zhuo
345,F Song
346,Zhang Chan
347,Han Lili
348,Wu Juan
349,Maryam Omar
350,Priyada Murali
351,Amna Tariq
352,Siow Tzin Yee
353,Mariamma Hyder
354,SL Gomez
355,Maria Jasvi
356,Khadija Khalil
357,Maryyam Ashraf
358,Zeefa Jilani
359,Madeeha Zuberi
360,Bella Poon
361,Y Daswani
362,JM Davies
363,KY Chan
364,M Hill
365,MBA Lamplough
366,JE Titmuss
367,I Seneviratne
368,YS To
369,Vaishnave Mahesh
370,Ruchitha Venkatesh
371,Chan Ka Man
372,K Shrestha
373,SR Magar
374,I Barma
375,RC Belbashi
376,Nary Thapa
377,S Magar
378,L Jie
379,Wang Meng
380,Zhang Xiangxue
381,Mahnoor Mahmood
382,Mofida Kocchargi
383,Wan Nor Zulaika
384,Roma Thapa
385,MM Chaudhary
386,Karuna Bhandari
387,Iqra Ishaq
388,Apsari Begam
389,M Yousaf
390,Hung Ying Ho
391,Emylia Eliani
392,Nur Arianna Natsya
393,Chen Yue
394,S Dharnidharka
395,LI Haoye
396,Sabreen Zaki
397,B Rawal
398,K Kunwar
399,Shafali Verma
400,A Sutherland
401,LAGL Kirby
402,RH Priest
403,WGAKK Kulasuriya
404,RM Ghosh
405,S Lateh
406,Sadia Iqbal
407,S Mostary
408,RA Mair
409,H Karunaratne
410,S Sandeepani
411,AA Alleyne
412,S Jafta
413,I van Zyl
414,SA Wittmann
415,T Modise
416,A Mokgotlhe
417,B Madimabe
418,B Gaanamong
419,M Ramafifi
420,B Mpedi
421,T Shadrack
422,M Short
423,M Bosman
424,EU Kejarukua
425,SN Shihepo
426,A van Schoor
427,M Mupachikwa
428,SM Mayers
429,R Haiong
430,CS Mugeri
431,J Sainda
432,M Musonda
433,J Nkomo
434,D Busingye
435,NK Bagenda
436,M Sheriff
437,F Bangur
438,B Etim
439,A Igbobie
440,B Nwobodo
441,S Agazuma
442,S Walaza
443,FO Kibasu
444,M Pascal
445,HM Omary
446,PZ Kamunya
447,TS Omary
448,NJ Pius
449,NN Saidi
450,GL Mushi
451,SH Mohamedi
452,Zinaida Jeremiah
453,AC Mushangwe
454,DI Dusabemungu
455,V Iriho
456,MD Bimenyimana
457,G Ishimwe
458,H Ishimwe
459,S Uwera
460,C Uwamahoro
461,D Mukarurangwa
462,A Uwimbabazi
463,M Vumiliya
464,J Nyirankundineza
465,SW Kinyua
466,V Abuga
467,M Ngoche
468,S Juma
469,D Njoroge
470,V Ooko
471,E Wachira
472,M Ochieng
473,N Squire
474,H Ayoka
475,A Ndiraya
476,F Fyneface
477,A Obulor
478,G Ephraim
479,OS Oyronke
480,M Desmond
481,T Abdulquadri
482,A Ikuzwe
483,V Hamunyela
484,A Chilia
485,V Langiatu
486,R Andrew
487,S Solman
488,N Navaika
489,L Tastuki
490,JC Sokomanu
491,M Carlot
492,MV Fare
493,M Tarimiala
494,V Mansale
495,Erika Oda
496,A Kitayama
497,Y Anggraeni
498,R Endo
499,K Winda Prastini
500,Eri Iko
501,M Yanagida
502,M Kanno
503,T Wigradianti
504,NPAN Sakarini
505,M Shiraishi
506,S Miyaji
507,Yuliana
508,P Haryanti
509,NKF Rada Rani
510,NMP Suwandewi
511,M Vuruna
512,I Waqavakatoga
513,S Lomani
514,M Vua
515,R Muriyalo
516,W Ofamoli
517,S Lote
518,L Samani
519,M Tilau
520,A Tagilala
521,L Vua
522,RSM Lili'i
523,LA Bourne
524,LS Mulivai
525,V Tari
526,FLV Pula
527,M Mete
528,N Tokizawa
529,A Kano
530,R Kanai
531,L Rika
532,K Taniguchi
533,A Kanada
534,K Nanno
535,AAIP Bastari
536,LO Telea
537,KML Nonu
538,T Iosefo
539,T Lafai
540,EA Burns
541,SK Chandhrasekar
542,EH Rendler
543,M Patel
544,A Perera
545,S Sriharsha
546,M Khokhar
547,KN Mirchandani
548,Saniyah Zia
549,Mahewish Khan
550,C Martin
551,Hala Azmat
552,S Bhaskar
553,Hiba Shamshad
554,NT Gruny
555,Kainat Qazi
556,OT Wallerson
557,Maliha Baig
558,S Ramautar
559,C Atkins
560,U Iftikhar
561,G Kodali
562,U Raymond-Hoey
563,R Stokell
564,L Little
565,S MacMahon
566,T Chetty
567,LR Down
568,N Mlaba
569,P Alako
570,E Iloku
571,G Obukor
572,C Anayo
573,M Samake
574,R Cisse
575,O Sow
576,A Kone
577,M Coulibaly
578,N Traore
579,T Konate
580,A Sangare
581,B Coulibaly
582,Y Sangare
583,S Kagnassy
584,Hudaa Mohamedi
585,S Mtae
586,S Kakai
587,W Kevin
588,NO Tindo
589,M Kagoya
590,M Veringmeier
591,J Post
592,HWA Landheer
593,S Haggo
594,JE Ronalds
595,ST Frohnmayer
596,AM Healey
597,CM Gough
598,K Vijayaraghavan
599,PA Wadenpohl
600,A Bierwisch
601,V Stolle
602,M McColl
603,IJR Zwilling
604,MS Beresford
605,CM Scott
606,O Prendergast
607,L Paul
608,FEM Van Arkel
609,AH Thomson
610,AS van Beuge
611,EN Lynch
612,LK Bennett
613,EL Watson
614,H Little
615,L Klokgieters
616,M Zwilling
617,K Abdulquadri
618,S Ingabire
619,F Eseigbe
620,S Sunday
621,K Oala
622,Shaila Sharmin
623,MP Enright
624,L Ramjit
625,AG Rao
626,C Beckford
627,S Farooq
628,N Ila
629,C de Lange
630,Su Jin Kim
631,Mina Baek
632,Seri Chang
633,Seungmin Song
634,Jiyeon Park
635,Haliam Kwon
636,Hyejin Park
637,Kang Choi
638,Sun Meng Yao
639,Shanzeen Shahzad
640,Hiu Ying Cheung
641,M Wai Siu
642,Sinae Kim
643,Hee Jung Lee
644,Jiyeon Park (2)
645,WK Lai
646,Smruthi Radhakrishnan
647,Samantha Singham
648,V Pasupathy
649,GK Diviya
650,Shafina Mahesh
651,PSR Gurusinghe
652,Roshni Ramesh
653,R Butler
654,RR Seth
655,Vathana Sreemurugavel
656,H Dhavina
657,Shafia Hassan
658,SK Sonpethkar
659,SS Grimmond
660,S Gajnabi
661,N Shangase
662,M Joshi
663,A Bosch
664,Syeda Aroob Shah
665,Hamza Niyaz
666,Sajaa Fathimath
667,Sumayya Abdul
668,Zoona Mariyam
669,Hafsaa Abdhulla
670,Latsha Haleemath
671,Shaffaa Saleem
672,Aima Aishath
673,Eashal Ibrahim
674,Kinaanath Ismail
675,Shamma Ali
676,S Khadka
677,Anjali Chand
678,SC Kumari
679,Maaha Naseer
680,SV Shetty
681,Fiza
682,V Jesrani
683,PE Mendonca
684,Javed Hira
685,Y Verma
686,B Shetty
687,AR Shetty
688,Sameera Khan
689,S Nair
690,A Doddaballapur
691,Javed Hina
692,N Jagadish
693,AL Tiwari
694,H Bhullar
695,Busra Uca
696,P Sabu
697,AM Zepeda
698,S Kailath
699,JA Stiglitz
700,R Avdylaj
701,H Dhaliwal
702,A Nookala
703,T Kazanci
704,S Sadarangani
705,V Avdylaj
706,SB Chamundaiah
707,S Glenn
708,MK Villiers
709,Ayesha Naseem
710,BM Halliday
711,JM Kerr
712,FR Davies
713,S Rana
714,ME Bouchier
715,A Lister
716,K Fraser
717,AH Maqsood
718,A Hunter
719,C Murray
720,A Canning
721,TM McGrath
722,YH Bhatia
723,Renuka Singh
724,O Asika
725,J Efosa
726,Q Abel
727,B Freeman
728,J Kgang
729,T Motlhabaphuti
730,O Keitsemang
731,B Murekatete
732,M Ndhambi
733,S Wetoto
734,L Idambo
735,F Odhiambo
736,J Otieno
737,E Van Zyl
738,E Sandy
739,M Imimole
740,F Irakoze
741,R Samson
742,I Muhawenimana
743,O Omonkhobio
744,M Gorases
745,Fatima Sana
746,TE Britton
747,AC Brodin
748,J King
749,PC McGeown
750,DL Graham
751,E Chance
752,E Brelivet
753,ME Violleau
754,M Cargouet
755,M Marchello
756,C Breteche
757,I Vrignaud
758,SPY Baron
759,F Overdijk
760,P Marange
761,CT Dhururu
762,L Phiri
763,C Chatonzwa
764,N Sibanda
765,A Mazvishaya
766,L Tshuma
767,N Gwanzura
768,N Mutasa
769,Q Joseph
770,T Rodriguez
771,LM Aramas
772,B Maes Loch
773,DM Braat
774,Ayesha Hasan
775,Farial Zia Safdar
776,Pooja Kumari
777,A Dastgir
778,S Linden
779,C Elmsjoo
780,G Shukla
781,R Immadi
782,Mutaiba Ansar
783,M Alugunoolla
784,DS Gamage
785,S Jadhav
786,Hina Hussain
787,S Raveendrakumar
788,RG Somashekhar
789,S Lundell
790,T Zilfidou
791,Abhilasha Singh
792,AS Gorad
793,S Elmsjoo
794,S Devata
795,TJE Chiracheque
796,OC Moiane
797,HR Ponja
798,AL Mangue
799,E Anyipo
800,Ntombizodwa Mkhatshwa
801,M Dlamini
802,W Ginindza
803,P Dlamini
804,N Gwebu
805,D Dlamini
806,N Mabila
807,S Mabuza
808,Ntombizonke MKhatshwa
809,N Khumalo
810,K Maseko
811,F Pessima
812,L Piety
813,R Kassim
814,MI Shakim
815,SF Jerome
816,LM Massawe
817,P Mazuze
818,T Malinga
819,MLN Sissako
820,BMA Mbida
821,M Turay
822,CI Manidom
823,MSF Tedjui
824,AAM Eliane
825,MFD Douma
826,ME Bessala
827,DLN Kenfack
828,MSN Ekani
829,TMA Leslie
830,JAN Ngono
831,MA Swedy
832,I Alumo
833,N Magagula
834,S Guambe
835,M May
836,T Granger
837,P Mujaji
838,P Malemikia
839,V Vasquez
840,M Castineiras
841,L Agatha
842,A Stocks
843,M Artur
844,RMAM Avery
845,L Taylor
846,L Cardoso
847,M Martinez
848,CA Greloni
849,M Esquivel
850,JC Cullen
851,T Basile
852,C Sosa
853,L Iglesias
854,GC Bhogle
855,D Saxena
856,S Vig
857,M Gill
858,Mahrukh Imtiaz
859,S Zafar
860,A Kolan
861,IM Vaghela
862,LP Mullapudi
863,K Gray
864,Theertha Satish
865,P Jain
866,NT Miles
867,S Paldon
868,N Choden
869,D Wangmo
870,Y Choden
871,T Zangmo
872,P Seldon
873,A Bose
874,B Shanti
875,S Choden
876,Y Wangmo
877,GR Menes
878,NM Cherriath
879,M Gaur
880,M Bibi
881,Iqra Sahar
882,VS D'Souza
883,K Joshi
884,K Samten
885,A Gurung
886,K Dema
887,T Cheki
888,Sangita Rai
889,Sabnam Rai
890,Nik Nur Atiela
891,S Meghana
892,SD Bahadur
893,GM Harris
894,A King
895,Meghna Singh
896,D Tucker
897,RMVD Gunaratne
898,A Capsey
899,Tuba Hassan
900,T Holder
901,A Scantlebury
902,KO Elliott
903,SJ Bruce
904,IC Gaze
905,S Carrington
906,FC Jonas
907,GE Plimmer
908,FG Kemp
909,IECM Wong
910,Aysha
911,S Dhadwal
912,Rizpha Bano
913,KE Pounsett
914,Aleena Khan
915,H Agarwal
916,Khadija Imtiaz
917,A Mare
918,Shahreeennawab
919,Aisha Rahman
920,J Pandey
921,SA Panayan
922,D Bhatta
923,T Kale
924,SK Rana
925,Nurilyaa Natasya
926,Nur Dania Syuhada
927,R Slater
928,HRA Rainey
929,R Achando
930,M Mwangi
931,SM Dhanusri
932,KP Navgire
933,L Keny
934,Rinitha Rajith
935,RS Quyn
936,Khazaima
937,Abeer Maryam
938,Ruba Rashid
939,C Sewsunker
940,Amna Khan
941,Rida Syeda
942,Maira Khan
943,Zoha Irfan
944,Emaan Ejaz
945,Simrah Mirza
946,Mah Noor Amir
947,TI Gajanayake
948,R Rodrigo
949,HMD Rasangika
950,P Shetty
951,D Bhaskara
952,Najwa Akram
953,NM Anil
954,KD Jayawant
955,Rida Zainab
956,Saba Ali Syeda
957,S Channa
958,S Gokhale
959,A Dcosta
960,S Prakash
961,Prajna Jagdeesha
962,R Hathadurage
963,V Barboza
964,S Jayasinghe
965,G Fernando
966,AN Kelly
967,LM Babirye
968,RE Nyangendo
969,PE Kulume
970,K Ndlovu
971,M Mavunga
972,F Chipare
973,M Mwatile
974,Shakirah Sadick
975,S Akiteng
976,Mohammed Jimia
977,Gull Feroza
978,H Sin Yee
979,H Lui
980,A Karmacharya
981,H Roy
982,G Dempsey
983,S Forbes
984,J Maguire
985,D Staddon
986,E de Souza
987,LV Boas
988,MLG Silva
989,RD de Sousa
990,NC Monteiro
991,M Ribeiro
992,CS Nascimento
993,O Kgeresi
994,L Moises
995,C Uwase
996,W Hornero-Garcia
997,A Kohli
998,S Mannan
999,SR McAnanama-Brereton
1000,A Meyenborg
1001,S Kolcharam
1002,S Etim
1003,L Udeh
1004,Chinyenum George
1005,R Abdulrasak
1006,T Shabani
1007,M Idambo
1008,Ada Bhasin
1009,Vinu Kumar
1010,CH Abeyratne
1011,I Shukla
1012,JS Pooranakaran
1013,Damini Ramesh
1014,Zay Hua Tan
1015,T Lhaden
1016,Sonam
1017,Sangay Wangmo
1018,I Suhun
1019,Riyaa Bhasin
1020,EK Hubbard
1021,Poorvaja Jagdeesha
1022,Alifiya Sayed
1023,Abeera Waris
1024,JT Pooranakaran
1025,AP Venkata
1026,Khushi Sharma
1027,I Nandakumar
1028,S Kotte
1029,C Miles
1030,M Maguire
1031,PJ Stahelin
1032,F Bulpitt
1033,H Eulenkamp
1034,C Milner
1035,L Greig
1036,CM Greechan
1037,R Hubbard
1038,C Jennings
1039,A Merritt
1040,M Robinson
1041,G Wetherall
1042,M Le Ray
1043,D Prakas
1044,M Kandanala
1045,D Dhingra
1046,Snigdha Paul
1047,RP Singh
1048,T Chopra
1049,SR Thadani
1050,S Horley
1051,R Kanoh
1052,H Doriga
1053,B Bhadriraju
1054,ST Eyyunni
1055,P Maya
1056,Rithika Rajith
1057,RS Williams
1058,CS Fraser
1059,T Putthawong
1060,Aisya Eleesa
1061,EMKNH Senavirathna
1062,Shohely Akhter
1063,Nanthita Boonsukham
1064,H Goto
1065,A Chandel
1066,H Iwasaki
1067,S Kato
1068,M Munakata
1069,M Yoshioka
1070,A Fujikawa
1071,Z James
1072,EJ Carson
1073,D Brown
1074,Shorna Akter
1075,Marufa Akter
1076,EMC Fowler
1077,P Chilongia
1078,Uswa Syed
1079,NH Berejo
1080,Bijeyata Kumari
1081,Wania Malik
1082,A Brown-Carrera
1083,Muskan Naseeb
1084,Rabia Iqbal
1085,Tashiba Mirza
1086,Mahnoor Akram
1087,Lopamudra
1088,S Kunaratnam
1089,Kanchan Rana
1090,Jayasooriya
1091,Eman Asim
1092,Hifsa Butt
1093,A Vaidya
1094,N Kayani
1095,D Joseph
1096,CE Dean
1097,K Schultz
1098,RM van Oosterom
1099,DP Vaidya
1100,AB Kaur
1101,A Dercksen
1102,Dilara Akter
1103,Sanjida Akter Meghla
1104,RM Burns
1105,Rabeya Khan
1106,Sadaf Shamas
1107,K Anjali Sarvani
1108,P Litchfield
1109,Lavanya Pillai
1110,A Mohamed
1111,MH Ushanga
1112,AS Qwele
1113,M Ahono
1114,MI Khagoitsa
1115,Rahima Yahaya
1116,K Ogola
1117,Ouen Sophy
1118,Hor Siv na
1119,Dok Da Nit
1120,Pen Samon
1121,Pech Pisa
1122,Sean Chan Boromey
1123,LY Loch Srey
1124,Phoup Srey Pheak
1125,Hon Sovannary
1126,DA Galia
1127,Heal Theara
1128,Sok Srey Maov
1129,Ly Saomakara
1130,Soung Seav
1131,S Merican
1132,A Wellington
1133,R Ntozakhe
1134,R Dhar
1135,KA Heffernan
1136,TD Smartt
1137,LCN Smith
1138,S Ravikumar
1139,S Namusha
1140,T Katunga
1141,P Modimo
1142,C Kauripeke
1143,T Chabila
1144,A Bidari
1145,M Methtananda
1146,Rameen Shamim
1147,V Thari Thari
1148,E Waithaka
1149,NM Ambo
1150,N Sitompul
1151,T Hanum
1152,E Eduard
1153,MI Tato
1154,L Vuadreu
1155,AL Kerrison
1156,M Anyigo
1157,EC Bargna
1158,A Hogg
1159,D Igihozo
1160,Kiyo Fujikawa
1161,DH Sharma
1162,T Wang Ling
1163,P Chakraborty
1164,S Khatiwada
1165,S Meyenborg
1166,Sani E Zehra
1167,HJ Darlington
1168,I van der Woning
1169,E Mbofana
1170,CA Numungu
1171,TG Norris
1172,M Chaudhary
1173,V Subha
1174,T Yangchen
1175,TOW Chu
1176,Suraiya Azmin
1177,S Nisansala
1178,Tharika Sewwandi
1179,LK Bell
1180,S Nunna
1181,SA Sathiya
1182,Afida Afthab
1183,Dechen Zangmo
1184,E Duffy
1185,F Copley
1186,Emily Merrien
1187,E Gouge
1188,RM Hill
1189,T Smith
1190,S Chaturongrattana
1191,O Bell
1192,MM Penfold
1193,Fariha Trisna
1194,M Ogawa
1195,JG Kaur
1196,Mirab Razwan
1197,J Glasgow
1198,H Graham
1199,Sheila Shamte
1200,J Ulrik
